{"accuracy": [0.48197072744369507, 0.49232417345046997, 0.5158872008323669, 0.49339520931243896, 0.5069618225097656, 0.5069618225097656, 0.5183863043785095], "auc": [0.5250446796417236, 0.48853442072868347, 0.523964524269104, 0.4947456121444702, 0.49378448724746704, 0.501090943813324, 0.5004074573516846], "loss": [0.7490828633308411, 0.761285662651062, 0.7339038252830505, 0.7513408064842224, 0.7458788752555847, 0.7377533912658691, 0.7374183535575867], "precision": [0.19140625, 0.17060932517051697, 0.19026869535446167, 0.17238913476467133, 0.17909356951713562, 0.17433235049247742, 0.1875923126935959], "recall": [0.5844930410385132, 0.4731610417366028, 0.5208747386932373, 0.4791252613067627, 0.487077534198761, 0.46719682216644287, 0.5049701929092407], "val_accuracy": [0.813725471496582, 0.8308823704719543, 0.8382353186607361, 0.7352941036224365, 0.8357843160629272, 0.6519607901573181, 0.5747548937797546], "val_auc": [0.6183408498764038, 0.6436683535575867, 0.6599507331848145, 0.6728821396827698, 0.6999917030334473, 0.7054468989372253, 0.7216460704803467], "val_loss": [0.6733251810073853, 0.6692525744438171, 0.6633259057998657, 0.6821877956390381, 0.6668172478675842, 0.687529444694519, 0.6903242468833923], "val_precision": [0.43478259444236755, 0.5490196347236633, 0.6571428775787354, 0.32863849401474, 0.5671641826629639, 0.2979942560195923, 0.26056337356567383], "val_recall": [0.2097902148962021, 0.1958041936159134, 0.16083915531635284, 0.4895104765892029, 0.2657342553138733, 0.7272727489471436, 0.7762237787246704], "learning_rate": [9.999999747378752e-05, 9.999999747378752e-05, 9.999999747378752e-05, 9.999999747378752e-05, 9.999999747378752e-05, 4.999999873689376e-05, 4.999999873689376e-05]}