{"accuracy": [0.49660834670066833, 0.5905033946037292, 0.6162084937095642, 0.6372724175453186, 0.6697608232498169, 0.6697608232498169, 0.7018921971321106, 0.6951088905334473, 0.7108175754547119, 0.7229560613632202, 0.72831130027771, 0.7129596471786499, 0.7229560613632202, 0.7368797063827515, 0.7254551649093628, 0.7286683320999146, 0.7518743276596069, 0.7311674356460571, 0.74366295337677, 0.7418779134750366, 0.7565155029296875, 0.74366295337677, 0.7475901246070862, 0.7461620569229126, 0.7554444670677185, 0.7533023953437805, 0.7550874948501587, 0.7597286701202393, 0.7586576342582703, 0.7618707418441772], "auc": [0.5302169322967529, 0.591433584690094, 0.6417266726493835, 0.671225905418396, 0.7121816873550415, 0.7108935117721558, 0.7512552738189697, 0.7532117962837219, 0.755129337310791, 0.7827287912368774, 0.7852121591567993, 0.7856637239456177, 0.7835039496421814, 0.8085213899612427, 0.7901148200035095, 0.7909826040267944, 0.8116293549537659, 0.808402419090271, 0.8154584169387817, 0.810144305229187, 0.8155397176742554, 0.8084491491317749, 0.8179283738136292, 0.8207149505615234, 0.8199199438095093, 0.8213425874710083, 0.8258486390113831, 0.8279132843017578, 0.8279932737350464, 0.8282986879348755], "loss": [0.7130724787712097, 0.6840749382972717, 0.6603686809539795, 0.6465014815330505, 0.6237740516662598, 0.6220484375953674, 0.5991173386573792, 0.594626784324646, 0.5919045805931091, 0.5732178092002869, 0.5701590180397034, 0.5693914890289307, 0.569534957408905, 0.5468960404396057, 0.5593072772026062, 0.5562130808830261, 0.5408666133880615, 0.5422652363777161, 0.5352315902709961, 0.5387232899665833, 0.5337986946105957, 0.5383002758026123, 0.5285186767578125, 0.523123562335968, 0.5270140767097473, 0.5230392813682556, 0.5207986831665039, 0.518097460269928, 0.5179794430732727, 0.5191586017608643], "precision": [0.18959616124629974, 0.22193436324596405, 0.24555160105228424, 0.2674523890018463, 0.30317163467407227, 0.2963320314884186, 0.3336673378944397, 0.325719952583313, 0.3460381031036377, 0.35971224308013916, 0.3659043610095978, 0.34934934973716736, 0.35825544595718384, 0.37837839126586914, 0.3620331883430481, 0.366285115480423, 0.3961038887500763, 0.3729674816131592, 0.38696110248565674, 0.38347458839416504, 0.4040728807449341, 0.38478028774261475, 0.3888888955116272, 0.389125794172287, 0.4017278552055359, 0.39715537428855896, 0.4012944996356964, 0.40860214829444885, 0.40608033537864685, 0.40807175636291504], "recall": [0.5506958365440369, 0.5109344124794006, 0.5487077832221985, 0.5864810943603516, 0.6461232900619507, 0.6103379726409912, 0.6620278358459473, 0.6520874500274658, 0.6858847141265869, 0.6958250403404236, 0.6998012065887451, 0.6938369870185852, 0.6858847141265869, 0.72365802526474, 0.6938369870185852, 0.6998012065887451, 0.7276341915130615, 0.7296222448348999, 0.7316103577613831, 0.7196819186210632, 0.749502956867218, 0.7137176990509033, 0.7097415328025818, 0.7256461381912231, 0.7395626306533813, 0.7216699719429016, 0.7395626306533813, 0.7554671764373779, 0.7435387969017029, 0.72365802526474], "val_accuracy": [0.813725471496582, 0.8259803652763367, 0.8370097875595093, 0.8553921580314636, 0.8529411554336548, 0.8517156839370728, 0.8529411554336548, 0.8553921580314636, 0.8578431606292725, 0.8602941036224365, 0.8602941036224365, 0.8651960492134094, 0.8676470518112183, 0.8639705777168274, 0.8651960492134094, 0.8713235259056091, 0.8676470518112183, 0.8700980544090271, 0.8700980544090271, 0.8713235259056091, 0.8713235259056091, 0.873774528503418, 0.873774528503418, 0.875, 0.873774528503418, 0.873774528503418, 0.875, 0.876225471496582, 0.8774510025978088, 0.875], "val_auc": [0.70870441198349, 0.7801827192306519, 0.820384681224823, 0.8482372164726257, 0.8609763383865356, 0.8694655895233154, 0.8742765188217163, 0.8804642558097839, 0.8842360973358154, 0.8863662481307983, 0.8901900053024292, 0.8924448490142822, 0.8945697546005249, 0.8952400088310242, 0.8953958749771118, 0.8962998390197754, 0.8973544836044312, 0.9002119898796082, 0.9005081653594971, 0.9007419347763062, 0.9000197649002075, 0.9006224274635315, 0.9002535343170166, 0.9013808965682983, 0.9023628830909729, 0.9024719595909119, 0.9030746221542358, 0.9028512239456177, 0.9028720259666443, 0.9029135704040527], "val_loss": [0.5377192497253418, 0.5097737312316895, 0.48663774132728577, 0.4661526381969452, 0.44654154777526855, 0.4354904294013977, 0.42398539185523987, 0.41452711820602417, 0.40628165006637573, 0.3984767198562622, 0.39022329449653625, 0.38791611790657043, 0.3837481439113617, 0.37676066160202026, 0.3737581670284271, 0.37373748421669006, 0.3720642924308777, 0.3642025887966156, 0.36275514960289, 0.3605632483959198, 0.3590177893638611, 0.35617193579673767, 0.3522576093673706, 0.34731218218803406, 0.34583550691604614, 0.3488618731498718, 0.3493502736091614, 0.3467217683792114, 0.3434956967830658, 0.34445956349372864], "val_precision": [0.43283581733703613, 0.5074626803398132, 0.5714285969734192, 0.6582278609275818, 0.6455696225166321, 0.6279069781303406, 0.621052622795105, 0.6262626051902771, 0.6336633563041687, 0.6407766938209534, 0.6435643434524536, 0.6513761281967163, 0.6605504751205444, 0.6481481194496155, 0.6486486196517944, 0.6637930870056152, 0.6470588445663452, 0.6554622054100037, 0.6554622054100037, 0.6610169410705566, 0.6583333611488342, 0.6666666865348816, 0.6694915294647217, 0.6752136945724487, 0.6694915294647217, 0.658730149269104, 0.6564885377883911, 0.6615384817123413, 0.6692913174629211, 0.6589147448539734], "val_recall": [0.20279720425605774, 0.2377622425556183, 0.279720276594162, 0.3636363744735718, 0.35664334893226624, 0.3776223659515381, 0.41258740425109863, 0.4335664212703705, 0.4475524425506592, 0.4615384638309479, 0.4545454680919647, 0.4965035021305084, 0.503496527671814, 0.4895104765892029, 0.503496527671814, 0.5384615659713745, 0.5384615659713745, 0.5454545617103577, 0.5454545617103577, 0.5454545617103577, 0.5524475574493408, 0.559440553188324, 0.5524475574493408, 0.5524475574493408, 0.5524475574493408, 0.5804196000099182, 0.6013985872268677, 0.6013985872268677, 0.5944055914878845, 0.5944055914878845], "learning_rate": [9.999999747378752e-05, 9.999999747378752e-05, 9.999999747378752e-05, 9.999999747378752e-05, 9.999999747378752e-05, 9.999999747378752e-05, 9.999999747378752e-05, 9.999999747378752e-05, 9.999999747378752e-05, 9.999999747378752e-05, 9.999999747378752e-05, 9.999999747378752e-05, 9.999999747378752e-05, 9.999999747378752e-05, 9.999999747378752e-05, 9.999999747378752e-05, 9.999999747378752e-05, 9.999999747378752e-05, 9.999999747378752e-05, 9.999999747378752e-05, 9.999999747378752e-05, 9.999999747378752e-05, 9.999999747378752e-05, 9.999999747378752e-05, 9.999999747378752e-05, 9.999999747378752e-05, 9.999999747378752e-05, 4.999999873689376e-05, 4.999999873689376e-05, 4.999999873689376e-05]}