{"accuracy": [0.5162441730499268, 0.4998214840888977, 0.4987504482269287, 0.5223134756088257, 0.5283827185630798], "auc": [0.4871934652328491, 0.49130716919898987, 0.4922073185443878, 0.5332037210464478, 0.534183919429779], "loss": [1.1381961107254028, 1.0963553190231323, 1.0830035209655762, 0.9835680723190308, 0.9938356280326843], "precision": [0.17824773490428925, 0.17416545748710632, 0.17425885796546936, 0.1891288161277771, 0.19108761847019196], "recall": [0.46918490529060364, 0.47713717818260193, 0.4791252613067627, 0.5049701929092407, 0.5029820799827576], "val_accuracy": [0.468137264251709, 0.4362744987010956, 0.4375, 0.468137264251709, 0.468137264251709], "val_auc": [0.4940720200538635, 0.5059487223625183, 0.5238261222839355, 0.5295929908752441, 0.534970223903656], "val_loss": [1.658474326133728, 1.7815898656845093, 1.7398765087127686, 1.576778531074524, 1.557279348373413], "val_precision": [0.17738358676433563, 0.17319588363170624, 0.18016193807125092, 0.18438178300857544, 0.18709677457809448], "val_recall": [0.559440553188324, 0.5874125957489014, 0.6223776340484619, 0.5944055914878845, 0.6083915829658508], "learning_rate": [9.999999747378752e-05, 9.999999747378752e-05, 9.999999747378752e-05, 4.999999873689376e-05, 4.999999873689376e-05]}