{"accuracy": [0.4673331081867218, 0.5412352681159973, 0.5651553273200989, 0.6158514618873596, 0.6104962229728699, 0.6304891109466553, 0.6308461427688599, 0.6454837322235107, 0.6344162821769714, 0.6629775166511536, 0.6761870980262756, 0.6708318591117859, 0.6722599267959595, 0.6822563409805298, 0.6811853051185608, 0.6811853051185608], "auc": [0.4949631989002228, 0.5452567338943481, 0.5953924059867859, 0.6554848551750183, 0.6454631090164185, 0.6726387143135071, 0.6710498332977295, 0.6828826665878296, 0.6780388355255127, 0.7080138921737671, 0.7282142639160156, 0.7291723489761353, 0.7234871983528137, 0.7318270802497864, 0.7332817912101746, 0.7294747233390808], "loss": [0.7972343564033508, 0.7567492723464966, 0.7092453837394714, 0.6721448302268982, 0.67441326379776, 0.6554766297340393, 0.66050124168396, 0.6524245738983154, 0.6532665491104126, 0.6269593834877014, 0.6163409352302551, 0.6156640648841858, 0.6200299263000488, 0.6097424030303955, 0.6092220544815063, 0.6136491894721985], "precision": [0.1778501570224762, 0.2086438089609146, 0.22048474848270416, 0.2606516182422638, 0.24871794879436493, 0.27029362320899963, 0.2697311341762543, 0.2772727310657501, 0.268032044172287, 0.294501394033432, 0.3139963150024414, 0.3072676956653595, 0.3058933615684509, 0.31966447830200195, 0.3142857253551483, 0.31463879346847534], "recall": [0.5427435636520386, 0.5566600561141968, 0.5606361627578735, 0.6202783584594727, 0.5785288214683533, 0.622266411781311, 0.6182902455329895, 0.6063618063926697, 0.5984095335006714, 0.628230631351471, 0.6779323816299438, 0.6640158891677856, 0.6500993967056274, 0.6819085478782654, 0.6560636162757874, 0.6580516695976257], "val_accuracy": [0.3174019753932953, 0.36151960492134094, 0.3639705777168274, 0.40808823704719543, 0.4117647111415863, 0.47549018263816833, 0.5110294222831726, 0.5404411554336548, 0.5674019455909729, 0.5698529481887817, 0.5882353186607361, 0.6188725233078003, 0.5649510025978088, 0.5600489974021912, 0.5514705777168274, 0.5625], "val_auc": [0.41638004779815674, 0.5204075574874878, 0.5981463193893433, 0.6448996663093567, 0.6849250197410583, 0.7013788819313049, 0.7154064178466797, 0.7355542182922363, 0.7439395785331726, 0.750257134437561, 0.7548343539237976, 0.7622377872467041, 0.7689138650894165, 0.7756938338279724, 0.7764939665794373, 0.779777467250824], "val_loss": [0.8753457069396973, 0.8269972801208496, 0.842398464679718, 0.7935622930526733, 0.7883161902427673, 0.7532597780227661, 0.7406452894210815, 0.7224101424217224, 0.7000236511230469, 0.691508412361145, 0.6821248531341553, 0.6604112386703491, 0.6960617303848267, 0.6985229849815369, 0.7085744142532349, 0.6992712020874023], "val_precision": [0.1538461595773697, 0.1818181872367859, 0.19774919748306274, 0.2048611044883728, 0.20797227323055267, 0.22437137365341187, 0.23877550661563873, 0.25, 0.2624434530735016, 0.260368674993515, 0.26968973875045776, 0.2846153974533081, 0.2644444406032562, 0.2621145248413086, 0.26021504402160645, 0.26431718468666077], "val_recall": [0.6433566212654114, 0.7552447319030762, 0.8601398468017578, 0.8251748085021973, 0.8391608595848083, 0.811188817024231, 0.8181818127632141, 0.811188817024231, 0.811188817024231, 0.7902097702026367, 0.7902097702026367, 0.7762237787246704, 0.8321678042411804, 0.8321678042411804, 0.8461538553237915, 0.8391608595848083], "learning_rate": [9.999999747378752e-05, 9.999999747378752e-05, 9.999999747378752e-05, 9.999999747378752e-05, 9.999999747378752e-05, 9.999999747378752e-05, 9.999999747378752e-05, 9.999999747378752e-05, 9.999999747378752e-05, 9.999999747378752e-05, 9.999999747378752e-05, 9.999999747378752e-05, 9.999999747378752e-05, 9.999999747378752e-05, 4.999999873689376e-05, 4.999999873689376e-05]}