{"accuracy": [0.38771867752075195, 0.4919671416282654, 0.5001785159111023, 0.5283827185630798, 0.5822920203208923, 0.5862191915512085], "auc": [0.4793856143951416, 0.5112938284873962, 0.5121632814407349, 0.5401061773300171, 0.5803079605102539, 0.5963133573532104], "loss": [0.7555081248283386, 0.7229660153388977, 0.7128733992576599, 0.7033997178077698, 0.6861956119537354, 0.6785545945167542], "precision": [0.17593583464622498, 0.18664850294589996, 0.1757049858570099, 0.19294294714927673, 0.2223147302865982, 0.23114754259586334], "recall": [0.654075562953949, 0.544731616973877, 0.48310139775276184, 0.5109344124794006, 0.5308151245117188, 0.5606361627578735], "val_accuracy": [0.45588234066963196, 0.469362735748291, 0.344362735748291, 0.2953431308269501, 0.2549019753932953, 0.2512255012989044], "val_auc": [0.3919408917427063, 0.5420515537261963, 0.6629692912101746, 0.7074055671691895, 0.7196146249771118, 0.7251530289649963], "val_loss": [0.703812837600708, 0.7021774053573608, 0.7325208187103271, 0.7563623785972595, 0.7812175154685974, 0.7947862148284912], "val_precision": [0.13022112846374512, 0.19409282505512238, 0.19846153259277344, 0.19054441154003143, 0.18453188240528107, 0.18463611602783203], "val_recall": [0.37062937021255493, 0.6433566212654114, 0.9020978808403015, 0.9300699234008789, 0.9510489702224731, 0.9580419659614563], "learning_rate": [9.999999747378752e-05, 9.999999747378752e-05, 9.999999747378752e-05, 9.999999747378752e-05, 4.999999873689376e-05, 4.999999873689376e-05]}