{"accuracy": [0.6465548276901245, 0.5326669216156006, 0.5223134756088257, 0.5394501686096191, 0.5469475388526917], "auc": [0.5269708633422852, 0.5231068134307861, 0.5342700481414795, 0.5457334518432617, 0.5456836819648743], "loss": [0.7149716019630432, 0.7052557468414307, 0.698016345500946, 0.6980018615722656, 0.6961045861244202], "precision": [0.2048484832048416, 0.190476194024086, 0.19458667933940887, 0.2056843638420105, 0.19651347398757935], "recall": [0.33598408102989197, 0.4930417537689209, 0.5288270115852356, 0.5467196702957153, 0.4930417537689209], "val_accuracy": [0.529411792755127, 0.3174019753932953, 0.3296568691730499, 0.32475489377975464, 0.27818626165390015], "val_auc": [0.6519966125488281, 0.6889462471008301, 0.7147777676582336, 0.7221604585647583, 0.7266752123832703], "val_loss": [0.6945520043373108, 0.7287447452545166, 0.7339897155761719, 0.7404212951660156, 0.7531937956809998], "val_precision": [0.2217090129852295, 0.1882530152797699, 0.1930091232061386, 0.19369369745254517, 0.18767507374286652], "val_recall": [0.6713286638259888, 0.8741258978843689, 0.8881118893623352, 0.9020978808403015, 0.9370629191398621], "learning_rate": [9.999999747378752e-05, 9.999999747378752e-05, 9.999999747378752e-05, 4.999999873689376e-05, 4.999999873689376e-05]}